Book Id  ,Title                                                                                    ,Author                      ,Author l-f                     ,Additional Authors                                                       ,ISBN              ,ISBN13               ,My Rating ,Average Rating ,Publisher                            ,Binding               ,Number of Pages ,Year Published ,Original Publication Year ,Date Read ,Date Added ,Bookshelves            ,Bookshelves with positions   ,Exclusive Shelf        ,My Review ,Spoiler ,Private Notes ,Read Count ,Recommended For ,Recommended By ,Owned Copies ,Original Purchase Date ,Original Purchase Location ,Condition ,Condition Description ,BCID
157993   ,The Little Prince                                                                        ,Antoine de Saint-Exupéry    ,"Saint-Exupéry, Antoine de"    ,"Richard Howard, Ivan Minatti, Nguyễn Thành Vũ"                          ,"="""""           ,"="""""              ,5         ,4.31           ,"Harcourt, Inc."                     ,Paperback             ,93              ,2000           ,1943                      ,          ,2020/12/26 ,favorites              ,favorites (#7)               ,read                   ,          ,        ,              ,1          ,                ,               ,0            ,                       ,                           ,          ,                      ,
386372   ,"Mort (Discworld, #4; Death, #1)"                                                        ,Terry Pratchett             ,"Pratchett, Terry"             ,                                                                         ,"=""0061020680""" ,"=""9780061020681""" ,5         ,4.22           ,Harpertorch                          ,Mass Market Paperback ,243             ,2001           ,1987                      ,          ,2020/12/28 ,favorites              ,favorites (#4)               ,read                   ,          ,        ,              ,1          ,                ,               ,0            ,                       ,                           ,          ,                      ,
34484    ,"Small Gods (Discworld, #13)"                                                            ,Terry Pratchett             ,"Pratchett, Terry"             ,                                                                         ,"=""0552152978""" ,"=""9780552152976""" ,5         ,4.30           ,Corgi                                ,Paperback             ,400             ,2005           ,1992                      ,          ,2020/12/28 ,favorites              ,favorites (#5)               ,read                   ,          ,        ,              ,1          ,                ,               ,0            ,                       ,                           ,          ,                      ,
62530    ,"Thud! (Discworld, #34; City Watch #7)"                                                  ,Terry Pratchett             ,"Pratchett, Terry"             ,                                                                         ,"="""""           ,"="""""              ,5         ,4.33           ,Corgi                                ,Paperback             ,439             ,2006           ,2005                      ,          ,2020/12/28 ,favorites              ,favorites (#6)               ,read                   ,          ,        ,              ,1          ,                ,               ,0            ,                       ,                           ,          ,                      ,
191139   ,"Oh, the Places You'll Go!"                                                              ,Dr. Seuss                   ,"Seuss, Dr."                   ,                                                                         ,"=""0679805273""" ,"=""9780679805274""" ,5         ,4.35           ,Random House Books for Young Readers ,Hardcover             ,44              ,1990           ,1990                      ,          ,2020/12/26 ,favorites              ,favorites (#3)               ,read                   ,          ,        ,              ,1          ,                ,               ,0            ,                       ,                           ,          ,                      ,
186074   ,"The Name of the Wind (The Kingkiller Chronicle, #1)"                                    ,Patrick Rothfuss            ,"Rothfuss, Patrick"            ,                                                                         ,"=""075640407X""" ,"=""9780756404079""" ,5         ,4.52           ,Penguin Group DAW                    ,Hardcover             ,662             ,2007           ,2007                      ,          ,2020/12/26 ,favorites              ,favorites (#1)               ,read                   ,          ,        ,              ,1          ,                ,               ,0            ,                       ,                           ,          ,                      ,
1215032  ,"The Wise Man's Fear (The Kingkiller Chronicle, #2)"                                     ,Patrick Rothfuss            ,"Rothfuss, Patrick"            ,                                                                         ,"=""0756404738""" ,"=""9780756404734""" ,4         ,4.55           ,DAW Books                            ,Hardcover             ,994             ,2011           ,2011                      ,          ,2020/12/26 ,favorites              ,favorites (#2)               ,read                   ,          ,        ,              ,1          ,                ,               ,0            ,                       ,                           ,          ,                      ,
96281    ,"The Deed of Paksenarrion (The Deed of Paksenarrion, #1-3)"                              ,Elizabeth Moon              ,"Moon, Elizabeth"              ,                                                                         ,"=""0671721046""" ,"=""9780671721046""" ,0         ,4.30           ,Baen                                 ,Paperback             ,1040            ,1992           ,1992                      ,          ,2020/12/26 ,to-read-fantasy-sci-fi ,to-read-fantasy-sci-fi (#1)  ,to-read-fantasy-sci-fi ,          ,        ,              ,0          ,                ,               ,0            ,                       ,                           ,          ,                      ,
222910   ,"The Two Towers (The Lord of the Rings, #2)"                                             ,J.R.R. Tolkien              ,"Tolkien, J.R.R."              ,                                                                         ,"="""""           ,"="""""              ,0         ,4.44           ,Ballantine Books                     ,Mass Market Paperback ,447             ,1973           ,1954                      ,          ,2020/12/30 ,to-read-fantasy-sci-fi ,to-read-fantasy-sci-fi (#18) ,to-read-fantasy-sci-fi ,          ,        ,              ,0          ,                ,               ,0            ,                       ,                           ,          ,                      ,
838729   ,"The Return of the King (The Lord of the Rings, #3)"                                     ,J.R.R. Tolkien              ,"Tolkien, J.R.R."              ,                                                                         ,"=""0345240340""" ,"=""9780345240347""" ,0         ,4.53           ,Ballantine Books                     ,Mass Market Paperback ,385             ,1974           ,1955                      ,          ,2020/12/30 ,to-read-fantasy-sci-fi ,to-read-fantasy-sci-fi (#20) ,to-read-fantasy-sci-fi ,          ,        ,              ,0          ,                ,               ,0            ,                       ,                           ,          ,                      ,
187065   ,"New Spring (The Wheel of Time, #0)"                                                     ,Robert Jordan               ,"Jordan, Robert"               ,                                                                         ,"=""1841492612""" ,"=""9781841492612""" ,0         ,4.03           ,Orbit                                ,Paperback             ,423             ,2004           ,2004                      ,          ,2020/12/26 ,to-read-fantasy-sci-fi ,to-read-fantasy-sci-fi (#4)  ,to-read-fantasy-sci-fi ,          ,        ,              ,0          ,                ,               ,0            ,                       ,                           ,          ,                      ,
20518872 ,The Three-Body Problem (Remembrance of Earth’s Past #1)                                  ,Liu Cixin                   ,"Cixin, Liu"                   ,Ken Liu                                                                  ,"=""0765377063""" ,"=""9780765377067""" ,0         ,4.05           ,Tor Books                            ,Hardcover             ,399             ,2014           ,2006                      ,          ,2020/12/26 ,to-read-fantasy-sci-fi ,to-read-fantasy-sci-fi (#3)  ,to-read-fantasy-sci-fi ,          ,        ,              ,0          ,                ,               ,0            ,                       ,                           ,          ,                      ,
40803025 ,Cage of Souls                                                                            ,Adrian Tchaikovsky          ,"Tchaikovsky, Adrian"          ,                                                                         ,"="""""           ,"="""""              ,0         ,4.10           ,Head of Zeus                         ,Hardcover             ,602             ,2019           ,2019                      ,          ,2020/12/26 ,to-read-fantasy-sci-fi ,to-read-fantasy-sci-fi (#2)  ,to-read-fantasy-sci-fi ,          ,        ,              ,0          ,                ,               ,0            ,                       ,                           ,          ,                      ,
113435   ,"Crossroads of Twilight (The Wheel of Time, #10)"                                        ,Robert Jordan               ,"Jordan, Robert"               ,                                                                         ,"=""0312864590""" ,"=""9780312864590""" ,0         ,3.81           ,Tor Books                            ,Hardcover             ,704             ,2003           ,2003                      ,          ,2020/12/26 ,to-read-fantasy-sci-fi ,to-read-fantasy-sci-fi (#7)  ,to-read-fantasy-sci-fi ,          ,        ,              ,0          ,                ,               ,0            ,                       ,                           ,          ,                      ,
140974   ,"The Path of Daggers (The Wheel of Time, #8)"                                            ,Robert Jordan               ,"Jordan, Robert"               ,                                                                         ,"=""0812550293""" ,"=""9780812550290""" ,0         ,3.91           ,Tor Books                            ,Mass Market Paperback ,685             ,1999           ,1998                      ,          ,2020/12/26 ,to-read-fantasy-sci-fi ,to-read-fantasy-sci-fi (#6)  ,to-read-fantasy-sci-fi ,          ,        ,              ,0          ,                ,               ,0            ,                       ,                           ,          ,                      ,
13888    ,"Knife of Dreams (The Wheel of Time, #11)"                                               ,Robert Jordan               ,"Jordan, Robert"               ,                                                                         ,"=""0812577566""" ,"=""9780812577563""" ,0         ,4.14           ,Tom Doherty Associates               ,Mass Market Paperback ,860             ,2006           ,2005                      ,          ,2020/12/26 ,to-read-fantasy-sci-fi ,to-read-fantasy-sci-fi (#8)  ,to-read-fantasy-sci-fi ,          ,        ,              ,0          ,                ,               ,0            ,                       ,                           ,          ,                      ,
13891    ,"Winter's Heart (The Wheel of Time, #9)"                                                 ,Robert Jordan               ,"Jordan, Robert"               ,                                                                         ,"=""081257558X""" ,"=""9780812575583""" ,0         ,3.94           ,Tor Fantasy                          ,Mass Market Paperback ,780             ,2002           ,2000                      ,          ,2020/12/26 ,to-read-fantasy-sci-fi ,to-read-fantasy-sci-fi (#5)  ,to-read-fantasy-sci-fi ,          ,        ,              ,0          ,                ,               ,0            ,                       ,                           ,          ,                      ,
13890    ,"A Crown of Swords (The Wheel of Time, #7)"                                              ,Robert Jordan               ,"Jordan, Robert"               ,                                                                         ,"=""0812550285""" ,"=""9780812550283""" ,0         ,4.03           ,Tor Books                            ,Mass Market Paperback ,880             ,1997           ,1996                      ,          ,2020/12/26 ,to-read-fantasy-sci-fi ,to-read-fantasy-sci-fi (#11) ,to-read-fantasy-sci-fi ,          ,        ,              ,0          ,                ,               ,0            ,                       ,                           ,          ,                      ,
35231    ,"Lord of Chaos (The Wheel of Time, #6)"                                                  ,Robert Jordan               ,"Jordan, Robert"               ,                                                                         ,"=""0812513754""" ,"=""9780812513752""" ,0         ,4.13           ,Tor Books                            ,Mass Market Paperback ,1011            ,1995           ,1994                      ,          ,2020/12/26 ,to-read-fantasy-sci-fi ,to-read-fantasy-sci-fi (#9)  ,to-read-fantasy-sci-fi ,          ,        ,              ,0          ,                ,               ,0            ,                       ,                           ,          ,                      ,
7743175  ,"A Memory of Light (The Wheel of Time, #14)"                                             ,Robert Jordan               ,"Jordan, Robert"               ,Brandon Sanderson                                                        ,"=""0765325950""" ,"=""9780765325952""" ,0         ,4.50           ,Tor Books                            ,Hardcover             ,912             ,2013           ,2013                      ,          ,2020/12/26 ,to-read-fantasy-sci-fi ,to-read-fantasy-sci-fi (#10) ,to-read-fantasy-sci-fi ,          ,        ,              ,0          ,                ,               ,0            ,                       ,                           ,          ,                      ,
1166599  ,"The Gathering Storm (The Wheel of Time, #12)"                                           ,Robert Jordan               ,"Jordan, Robert"               ,Brandon Sanderson                                                        ,"=""0765302306""" ,"=""9780765302304""" ,0         ,4.36           ,Tor Books                            ,Hardcover             ,783             ,2009           ,2009                      ,          ,2020/12/26 ,to-read-fantasy-sci-fi ,to-read-fantasy-sci-fi (#13) ,to-read-fantasy-sci-fi ,          ,        ,              ,0          ,                ,               ,0            ,                       ,                           ,          ,                      ,
13895    ,"The Fires of Heaven (The Wheel of Time, #5)"                                            ,Robert Jordan               ,"Jordan, Robert"               ,                                                                         ,"=""1857232097""" ,"=""9781857232097""" ,0         ,4.15           ,Orbit                                ,Paperback             ,912             ,1994           ,1993                      ,          ,2020/12/26 ,to-read-fantasy-sci-fi ,to-read-fantasy-sci-fi (#14) ,to-read-fantasy-sci-fi ,          ,        ,              ,0          ,                ,               ,0            ,                       ,                           ,          ,                      ,
8253920  ,"Towers of Midnight (The Wheel of Time, #13)"                                            ,Robert Jordan               ,"Jordan, Robert"               ,Brandon Sanderson                                                        ,"=""0765325942""" ,"=""9780765325945""" ,0         ,4.41           ,Tom Doherty Associates TOR Fantasy   ,Hardcover             ,863             ,2010           ,2010                      ,          ,2020/12/26 ,to-read-fantasy-sci-fi ,to-read-fantasy-sci-fi (#12) ,to-read-fantasy-sci-fi ,          ,        ,              ,0          ,                ,               ,0            ,                       ,                           ,          ,                      ,
233649   ,"The Great Hunt (The Wheel of Time, #2)"                                                 ,Robert Jordan               ,"Jordan, Robert"               ,                                                                         ,"=""0812517725""" ,"=""9780812517729""" ,0         ,4.22           ,Tor Books                            ,Mass Market Paperback ,705             ,1991           ,1990                      ,          ,2020/12/26 ,to-read-fantasy-sci-fi ,to-read-fantasy-sci-fi (#17) ,to-read-fantasy-sci-fi ,          ,        ,              ,0          ,                ,               ,0            ,                       ,                           ,          ,                      ,
9539     ,"The Shadow Rising (The Wheel of Time, #4)"                                              ,Robert Jordan               ,"Jordan, Robert"               ,                                                                         ,"=""0812513738""" ,"=""9780812513738""" ,0         ,4.23           ,Tom Doherty Tor Fantasy              ,Mass Market Paperback ,1007            ,1993           ,1992                      ,          ,2020/12/26 ,to-read-fantasy-sci-fi ,to-read-fantasy-sci-fi (#15) ,to-read-fantasy-sci-fi ,          ,        ,              ,0          ,                ,               ,0            ,                       ,                           ,          ,                      ,
34897    ,"The Dragon Reborn (The Wheel of Time, #3)"                                              ,Robert Jordan               ,"Jordan, Robert"               ,                                                                         ,"=""0765305119""" ,"=""9780765305114""" ,0         ,4.25           ,Tor Books                            ,Mass Market Paperback ,624             ,2002           ,1991                      ,          ,2020/12/26 ,to-read-fantasy-sci-fi ,to-read-fantasy-sci-fi (#16) ,to-read-fantasy-sci-fi ,          ,        ,              ,0          ,                ,               ,0            ,                       ,                           ,          ,                      ,
3263607  ,"The Fellowship of the Ring (The Lord of the Rings, #1)"                                 ,J.R.R. Tolkien              ,"Tolkien, J.R.R."              ,                                                                         ,"="""""           ,"=""9780345015339""" ,0         ,4.36           ,Ballantine Books                     ,Mass Market Paperback ,527             ,1973           ,1954                      ,          ,2020/12/26 ,to-read-fantasy-sci-fi ,to-read-fantasy-sci-fi (#19) ,to-read-fantasy-sci-fi ,          ,        ,              ,0          ,                ,               ,0            ,                       ,                           ,          ,                      ,
569429   ,"Mostly Harmless (Hitchhiker's Guide to the Galaxy, #5)"                                 ,Douglas Adams               ,"Adams, Douglas"               ,                                                                         ,"=""0345379330""" ,"=""9780345379337""" ,0         ,3.96           ,Del Rey                              ,Paperback             ,288             ,1993           ,1992                      ,          ,2020/12/30 ,to-read-classics       ,to-read-classics (#8)        ,to-read-classics       ,          ,        ,              ,0          ,                ,               ,0            ,                       ,                           ,          ,                      ,
8694     ,"Life, the Universe and Everything (Hitchhiker's Guide to the Galaxy, #3)"               ,Douglas Adams               ,"Adams, Douglas"               ,                                                                         ,"=""0345418905""" ,"=""9780345418906""" ,0         ,4.20           ,Del Rey                              ,Paperback             ,224             ,2005           ,1982                      ,          ,2020/12/30 ,to-read-classics       ,to-read-classics (#6)        ,to-read-classics       ,          ,        ,              ,0          ,                ,               ,0            ,                       ,                           ,          ,                      ,
6091075  ,"So Long, and Thanks for All the Fish (The Hitchhiker's Guide to the Galaxy, #4)"        ,Douglas Adams               ,"Adams, Douglas"               ,                                                                         ,"="""""           ,"="""""              ,0         ,4.10           ,Del Rey                              ,Kindle Edition        ,225             ,2008           ,1984                      ,          ,2020/12/30 ,to-read-classics       ,to-read-classics (#7)        ,to-read-classics       ,          ,        ,              ,0          ,                ,               ,0            ,                       ,                           ,          ,                      ,
8695     ,"The Restaurant at the End of the Universe (Hitchhiker's Guide to the Galaxy, #2)"       ,Douglas Adams               ,"Adams, Douglas"               ,                                                                         ,"="""""           ,"="""""              ,0         ,4.21           ,Del Rey                              ,Paperback             ,250             ,2005           ,1980                      ,          ,2020/12/30 ,to-read-classics       ,to-read-classics (#4)        ,to-read-classics       ,          ,        ,              ,0          ,                ,               ,0            ,                       ,                           ,          ,                      ,
13       ,"The Ultimate Hitchhiker's Guide to the Galaxy (Hitchhiker's Guide to the Galaxy, #1-5)" ,Douglas Adams               ,"Adams, Douglas"               ,                                                                         ,"=""0345453743""" ,"=""9780345453747""" ,0         ,4.36           ,Del Rey Books                        ,Paperback             ,815             ,2002           ,1996                      ,          ,2020/12/26 ,to-read-classics       ,to-read-classics (#3)        ,to-read-classics       ,          ,        ,              ,0          ,                ,               ,0            ,                       ,                           ,          ,                      ,
834333   ,20000 Leagues Under the Sea                                                              ,Jules Verne                 ,"Verne, Jules"                 ,                                                                         ,"=""0679602534""" ,"=""9780679602538""" ,0         ,3.89           ,Modern Library                       ,Hardcover             ,406             ,2001           ,1870                      ,          ,2020/12/26 ,to-read-classics       ,to-read-classics (#9)        ,to-read-classics       ,          ,        ,              ,0          ,                ,               ,0            ,                       ,                           ,          ,                      ,
36402034 ,Do Androids Dream of Electric Sheep?                                                     ,Philip K. Dick              ,"Dick, Philip K."              ,                                                                         ,"="""""           ,"="""""              ,0         ,4.08           ,Ballantine Books                     ,Kindle Edition        ,258             ,2008           ,1968                      ,          ,2020/12/26 ,to-read-classics       ,to-read-classics (#2)        ,to-read-classics       ,          ,        ,              ,0          ,                ,               ,0            ,                       ,                           ,          ,                      ,
70535    ,"2001: A Space Odyssey (Space Odyssey, #1)"                                              ,Arthur C. Clarke            ,"Clarke, Arthur C."            ,                                                                         ,"=""0451457994""" ,"=""9780451457998""" ,0         ,4.15           ,Roc                                  ,Paperback             ,297             ,2000           ,1968                      ,          ,2020/12/28 ,to-read-classics       ,to-read-classics (#1)        ,to-read-classics       ,          ,        ,              ,0          ,                ,               ,0            ,                       ,                           ,          ,                      ,
234225   ,"Dune (Dune Chronicles, #1)"                                                             ,Frank Herbert               ,"Herbert, Frank"               ,Domingo Santos                                                           ,"=""0340839937""" ,"=""9780340839935""" ,0         ,4.23           ,Hodder & Stoughton                   ,Paperback             ,604             ,2006           ,1965                      ,          ,2020/12/26 ,to-read-classics       ,to-read-classics (#10)       ,to-read-classics       ,          ,        ,              ,0          ,                ,               ,0            ,                       ,                           ,          ,                      ,
4406     ,East of Eden                                                                             ,John Steinbeck              ,"Steinbeck, John"              ,                                                                         ,"=""0142000655""" ,"=""9780142000656""" ,0         ,4.38           ,Penguin Books                        ,Paperback             ,601             ,2002           ,1952                      ,          ,2020/12/26 ,to-read-classics       ,to-read-classics (#16)       ,to-read-classics       ,          ,        ,              ,0          ,                ,               ,0            ,                       ,                           ,          ,                      ,
41817486 ,A Clockwork Orange                                                                       ,Anthony Burgess             ,"Burgess, Anthony"             ,                                                                         ,"=""0393341763""" ,"=""9780393341768""" ,0         ,3.99           ,W. W. Norton & Company               ,Paperback             ,213             ,2019           ,1962                      ,          ,2020/12/26 ,to-read-classics       ,to-read-classics (#11)       ,to-read-classics       ,          ,        ,              ,0          ,                ,               ,0            ,                       ,                           ,          ,                      ,
4981     ,Slaughterhouse-Five                                                                      ,Kurt Vonnegut Jr.           ,"Jr., Kurt Vonnegut"           ,                                                                         ,"=""0385333846""" ,"=""9780385333849""" ,0         ,4.08           ,Dial Press                           ,Paperback             ,275             ,1999           ,1969                      ,          ,2020/12/26 ,to-read-classics       ,to-read-classics (#12)       ,to-read-classics       ,          ,        ,              ,0          ,                ,               ,0            ,                       ,                           ,          ,                      ,
386162   ,"The Hitchhiker's Guide to the Galaxy (Hitchhiker's Guide to the Galaxy, #1)"            ,Douglas Adams               ,"Adams, Douglas"               ,                                                                         ,"="""""           ,"="""""              ,0         ,4.22           ,Del Rey                              ,Paperback             ,193             ,2007           ,1979                      ,          ,2020/12/26 ,to-read-classics       ,to-read-classics (#5)        ,to-read-classics       ,          ,        ,              ,0          ,                ,               ,0            ,                       ,                           ,          ,                      ,
168668   ,"Catch-22 (Catch-22, #1)"                                                                ,Joseph Heller               ,"Heller, Joseph"               ,                                                                         ,"=""0684833395""" ,"=""9780684833392""" ,0         ,3.98           ,Simon & Schuster                     ,Paperback             ,453             ,2004           ,1961                      ,          ,2020/12/26 ,to-read-classics       ,to-read-classics (#15)       ,to-read-classics       ,          ,        ,              ,0          ,                ,               ,0            ,                       ,                           ,          ,                      ,
41804    ,"I, Robot (Robot, #0.1)"                                                                 ,Isaac Asimov                ,"Asimov, Isaac"                ,                                                                         ,"=""0553803700""" ,"=""9780553803709""" ,0         ,4.20           ,Bantam Books                         ,Hardcover             ,224             ,2004           ,1950                      ,          ,2020/12/26 ,to-read-classics       ,to-read-classics (#14)       ,to-read-classics       ,          ,        ,              ,0          ,                ,               ,0            ,                       ,                           ,          ,                      ,
29579    ,"Foundation (Foundation, #1)"                                                            ,Isaac Asimov                ,"Asimov, Isaac"                ,                                                                         ,"=""0553803719""" ,"=""9780553803716""" ,0         ,4.17           ,Bantam                               ,Hardcover             ,244             ,2004           ,1951                      ,          ,2020/12/26 ,to-read-classics       ,to-read-classics (#13)       ,to-read-classics       ,          ,        ,              ,0          ,                ,               ,0            ,                       ,                           ,          ,                      ,
51496    ,The Strange Case of Dr. Jekyll and Mr. Hyde                                              ,Robert Louis Stevenson      ,"Stevenson, Robert Louis"      ,"Mervyn Peake, Théo Varlet, Patrick Horgan, Vladimir Nabokov, Dan Chaon" ,"=""0451528956""" ,"=""9780451528957""" ,0         ,3.82           ,Signet Classics                      ,Paperback             ,144             ,2003           ,1886                      ,          ,2020/12/26 ,to-read-classics       ,to-read-classics (#17)       ,to-read-classics       ,          ,        ,              ,0          ,                ,               ,0            ,                       ,                           ,          ,                      ,
7624     ,Lord of the Flies                                                                        ,William Golding             ,"Golding, William"             ,                                                                         ,"=""0140283331""" ,"=""9780140283334""" ,0         ,3.69           ,Penguin Books                        ,Paperback             ,182             ,1999           ,1954                      ,          ,2020/12/26 ,to-read-classics       ,to-read-classics (#18)       ,to-read-classics       ,          ,        ,              ,0          ,                ,               ,0            ,                       ,                           ,          ,                      ,
1420     ,Hamlet                                                                                   ,William Shakespeare         ,"Shakespeare, William"         ,"Harold Bloom, Rex Gibson"                                               ,"=""0521618746""" ,"=""9780521618748""" ,0         ,4.03           ,Cambridge University Press           ,Paperback             ,289             ,2005           ,1603                      ,          ,2020/12/26 ,to-read-classics       ,to-read-classics (#19)       ,to-read-classics       ,          ,        ,              ,0          ,                ,               ,0            ,                       ,                           ,          ,                      ,
18114322 ,The Grapes of Wrath                                                                      ,John Steinbeck              ,"Steinbeck, John"              ,                                                                         ,"=""067001690X""" ,"=""9780670016907""" ,0         ,3.97           ,Viking                               ,Hardcover             ,479             ,2014           ,1939                      ,          ,2020/12/26 ,to-read-classics       ,to-read-classics (#20)       ,to-read-classics       ,          ,        ,              ,0          ,                ,               ,0            ,                       ,                           ,          ,                      ,
890      ,Of Mice and Men                                                                          ,John Steinbeck              ,"Steinbeck, John"              ,                                                                         ,"=""0142000671""" ,"=""9780142000670""" ,0         ,3.88           ,Penguin Books                        ,Paperback             ,103             ,2002           ,1937                      ,          ,2020/12/26 ,to-read-classics       ,to-read-classics (#22)       ,to-read-classics       ,          ,        ,              ,0          ,                ,               ,0            ,                       ,                           ,          ,                      ,
35031085 ,Frankenstein: The 1818 Text                                                              ,Mary Wollstonecraft Shelley ,"Shelley, Mary Wollstonecraft" ,Charlotte Gordon                                                         ,"=""0143131842""" ,"=""9780143131847""" ,0         ,3.81           ,Penguin Classics                     ,Paperback             ,288             ,2018           ,1818                      ,          ,2020/12/26 ,to-read-classics       ,to-read-classics (#23)       ,to-read-classics       ,          ,        ,              ,0          ,                ,               ,0            ,                       ,                           ,          ,                      ,
17245    ,Dracula                                                                                  ,Bram Stoker                 ,"Stoker, Bram"                 ,"David J. Skal, Nina Auerbach"                                           ,"=""0393970124""" ,"=""9780393970128""" ,0         ,4.00           ,Norton                               ,Paperback             ,488             ,1986           ,1897                      ,          ,2020/12/26 ,to-read-classics       ,to-read-classics (#21)       ,to-read-classics       ,          ,        ,              ,0          ,                ,               ,0            ,                       ,                           ,          ,                      ,
40961427 ,1984                                                                                     ,George Orwell               ,"Orwell, George"               ,                                                                         ,"="""""           ,"="""""              ,0         ,4.19           ,Houghton Mifflin Harcourt            ,Kindle Edition        ,237             ,2013           ,1949                      ,          ,2020/12/26 ,to-read-classics       ,to-read-classics (#24)       ,to-read-classics       ,          ,        ,              ,0          ,                ,               ,0            ,                       ,                           ,          ,                      ,
170448   ,Animal Farm                                                                              ,George Orwell               ,"Orwell, George"               ,"Russell Baker, C.M. Woodhouse"                                          ,"=""0451526341""" ,"=""9780451526342""" ,5         ,3.95           ,Signet Classics                      ,Mass Market Paperback ,141             ,1996           ,1945                      ,          ,2020/12/26 ,to-read-classics       ,to-read-classics (#25)       ,to-read-classics       ,          ,        ,              ,0          ,                ,               ,0            ,                       ,                           ,          ,                      ,
2657     ,To Kill a Mockingbird                                                                    ,Harper Lee                  ,"Lee, Harper"                  ,                                                                         ,"="""""           ,"="""""              ,0         ,4.28           ,Harper Perennial Modern Classics     ,Paperback             ,324             ,2006           ,1960                      ,          ,2020/12/26 ,to-read-classics       ,to-read-classics (#26)       ,to-read-classics       ,          ,        ,              ,0          ,                ,               ,0            ,                       ,                           ,          ,                      ,
13079982 ,Fahrenheit 451                                                                           ,Ray Bradbury                ,"Bradbury, Ray"                ,                                                                         ,"="""""           ,"="""""              ,4         ,3.99           ,Simon & Schuster                     ,Kindle Edition        ,194             ,2011           ,1953                      ,          ,2020/12/26 ,                       ,                             ,read                   ,          ,        ,              ,1          ,                ,               ,0            ,                       ,                           ,          ,                      ,
64218    ,"Eric (Discworld, #9; Rincewind #4)"                                                     ,Terry Pratchett             ,"Pratchett, Terry"             ,                                                                         ,"=""0380821214""" ,"=""9780380821211""" ,5         ,3.75           ,Harper                               ,Mass Market Paperback ,197             ,2008           ,1990                      ,          ,2020/12/28 ,                       ,                             ,read                   ,          ,        ,              ,1          ,                ,               ,0            ,                       ,                           ,          ,                      ,
34532    ,"Hogfather (Discworld, #20; Death, #4)"                                                  ,Terry Pratchett             ,"Pratchett, Terry"             ,                                                                         ,"=""0552154288""" ,"=""9780552154284""" ,5         ,4.21           ,Corgi                                ,Paperback             ,432             ,2006           ,1996                      ,          ,2020/12/28 ,                       ,                             ,read                   ,          ,        ,              ,1          ,                ,               ,0            ,                       ,                           ,          ,                      ,
64222    ,"Going Postal (Discworld, #33; Moist von Lipwig, #1)"                                    ,Terry Pratchett             ,"Pratchett, Terry"             ,                                                                         ,"=""0060502932""" ,"=""9780060502935""" ,5         ,4.36           ,HarperTorch                          ,Mass Market Paperback ,394             ,2005           ,2004                      ,          ,2020/12/28 ,                       ,                             ,read                   ,          ,        ,              ,1          ,                ,               ,0            ,                       ,                           ,          ,                      ,
34497    ,"The Color of Magic (Discworld, #1; Rincewind, #1)"                                      ,Terry Pratchett             ,"Pratchett, Terry"             ,                                                                         ,"=""0060855924""" ,"=""9780060855925""" ,4         ,3.98           ,Harper                               ,Paperback             ,228             ,2005           ,1983                      ,          ,2020/12/28 ,                       ,                             ,read                   ,          ,        ,              ,1          ,                ,               ,0            ,                       ,                           ,          ,                      ,
12067    ,"Good Omens: The Nice and Accurate Prophecies of Agnes Nutter, Witch"                    ,Terry Pratchett             ,"Pratchett, Terry"             ,Neil Gaiman                                                              ,"="""""           ,"="""""              ,5         ,4.24           ,William Morrow                       ,Mass Market Paperback ,491             ,2006           ,1990                      ,          ,2020/12/28 ,                       ,                             ,read                   ,          ,        ,              ,1          ,                ,               ,0            ,                       ,                           ,          ,                      ,
18007564 ,The Martian                                                                              ,Andy Weir                   ,"Weir, Andy"                   ,                                                                         ,"=""0804139024""" ,"=""9780804139021""" ,0         ,4.40           ,Crown                                ,Hardcover             ,384             ,2014           ,2012                      ,          ,2020/12/26 ,to-read                ,to-read (#4)                 ,to-read                ,          ,        ,              ,0          ,                ,               ,0            ,                       ,                           ,          ,                      ,
40604684 ,"The History of Bees (Klimakvartetten, #1)"                                              ,Maja Lunde                  ,"Lunde, Maja"                  ,Diane Oatley                                                             ,"="""""           ,"="""""              ,0         ,3.81           ,Touchstone                           ,Kindle Edition        ,353             ,2017           ,2015                      ,          ,2020/12/26 ,to-read                ,to-read (#4)                 ,to-read                ,          ,        ,              ,0          ,                ,               ,0            ,                       ,                           ,          ,                      ,
34928122 ,Artemis                                                                                  ,Andy Weir                   ,"Weir, Andy"                   ,                                                                         ,"=""0553448129""" ,"=""9780553448122""" ,3         ,3.66           ,Crown                                ,Hardcover             ,305             ,2017           ,2017                      ,          ,2020/12/26 ,                       ,                             ,read                   ,          ,        ,              ,1          ,                ,               ,0            ,                       ,                           ,          ,                      ,
21913812 ,This Changes Everything: Capitalism vs. The Climate                                      ,Naomi Klein                 ,"Klein, Naomi"                 ,                                                                         ,"=""1451697384""" ,"=""9781451697384""" ,0         ,4.15           ,Simon  Schuster                      ,Hardcover             ,576             ,2014           ,2014                      ,          ,2020/12/26 ,to-read                ,to-read (#3)                 ,to-read                ,          ,        ,              ,0          ,                ,               ,0            ,                       ,                           ,          ,                      ,
11870085 ,The Fault in Our Stars                                                                   ,John Green                  ,"Green, John"                  ,                                                                         ,"="""""           ,"="""""              ,0         ,4.20           ,Dutton Books                         ,Hardcover             ,313             ,2012           ,2012                      ,          ,2020/12/26 ,to-read                ,to-read (#2)                 ,to-read                ,          ,        ,              ,0          ,                ,               ,0            ,                       ,                           ,          ,                      ,
968      ,"The Da Vinci Code (Robert Langdon, #2)"                                                 ,Dan Brown                   ,"Brown, Dan"                   ,                                                                         ,"="""""           ,"="""""              ,4         ,3.86           ,Anchor                               ,Paperback             ,489             ,2006           ,2003                      ,          ,2020/12/26 ,                       ,                             ,read                   ,          ,        ,              ,1          ,                ,               ,0            ,                       ,                           ,          ,                      ,
15881    ,"Harry Potter and the Chamber of Secrets (Harry Potter, #2)"                             ,J.K. Rowling                ,"Rowling, J.K."                ,Mary GrandPré                                                            ,"=""0439064864""" ,"=""9780439064866""" ,4         ,4.43           ,Arthur A. Levine Books               ,Hardcover             ,341             ,1999           ,1998                      ,          ,2020/12/26 ,                       ,                             ,read                   ,          ,        ,              ,1          ,                ,               ,0            ,                       ,                           ,          ,                      ,
375802   ,"Ender's Game (Ender's Saga, #1)"                                                        ,Orson Scott Card            ,"Card, Orson Scott"            ,"Stefan Rudnicki, Harlan Ellison"                                        ,"=""0812550706""" ,"=""9780812550702""" ,0         ,4.30           ,Macmillan Audio                      ,Audiobook             ,352             ,2004           ,1985                      ,          ,2020/12/26 ,to-read                ,to-read (#1)                 ,to-read                ,          ,        ,              ,0          ,                ,               ,0            ,                       ,                           ,          ,                      ,
1        ,"Harry Potter and the Half-Blood Prince (Harry Potter, #6)"                              ,J.K. Rowling                ,"Rowling, J.K."                ,                                                                         ,"="""""           ,"="""""              ,5         ,4.57           ,Scholastic Inc.                      ,Paperback             ,652             ,2006           ,2005                      ,          ,2020/12/26 ,                       ,                             ,read                   ,          ,        ,              ,1          ,                ,               ,0            ,                       ,                           ,          ,                      ,
6        ,"Harry Potter and the Goblet of Fire (Harry Potter, #4)"                                 ,J.K. Rowling                ,"Rowling, J.K."                ,Mary GrandPré                                                            ,"="""""           ,"="""""              ,4         ,4.56           ,Scholastic                           ,Paperback             ,734             ,2002           ,2000                      ,          ,2020/12/26 ,                       ,                             ,read                   ,          ,        ,              ,1          ,                ,               ,0            ,                       ,                           ,          ,                      ,
5        ,"Harry Potter and the Prisoner of Azkaban (Harry Potter, #3)"                            ,J.K. Rowling                ,"Rowling, J.K."                ,Mary GrandPré                                                            ,"=""043965548X""" ,"=""9780439655484""" ,0         ,4.57           ,Scholastic Inc.                      ,Mass Market Paperback ,435             ,2004           ,1999                      ,          ,2020/12/26 ,                       ,                             ,read                   ,          ,        ,              ,1          ,                ,               ,0            ,                       ,                           ,          ,                      ,
2767052  ,"The Hunger Games (The Hunger Games, #1)"                                                ,Suzanne Collins             ,"Collins, Suzanne"             ,                                                                         ,"=""0439023483""" ,"=""9780439023481""" ,3         ,4.33           ,Scholastic Press                     ,Hardcover             ,374             ,2008           ,2008                      ,          ,2020/12/26 ,                       ,                             ,read                   ,          ,        ,              ,1          ,                ,               ,0            ,                       ,                           ,          ,                      ,
136251   ,"Harry Potter and the Deathly Hallows (Harry Potter, #7)"                                ,J.K. Rowling                ,"Rowling, J.K."                ,                                                                         ,"="""""           ,"="""""              ,4         ,4.62           ,Arthur A. Levine Books               ,Hardcover             ,759             ,2007           ,2007                      ,          ,2020/12/26 ,                       ,                             ,read                   ,          ,        ,              ,2          ,                ,               ,0            ,                       ,                           ,          ,                      ,
41811    ,The Caves of Steel (Robot #1)                                                            ,Isaac Asimov                ,"Asimov, Isaac"                ,                                                                         ,"="""""           ,"="""""              ,4         ,4.17           ,Voyager                              ,Mass Market Paperback ,206             ,1997           ,1954                      ,          ,2020/12/26 ,                       ,                             ,read                   ,          ,        ,              ,1          ,                ,               ,0            ,                       ,                           ,          ,                      ,
228665   ,"The Eye of the World (The Wheel of Time, #1)"                                           ,Robert Jordan               ,"Jordan, Robert"               ,                                                                         ,"=""0812511816""" ,"=""9780812511819""" ,4         ,4.17           ,Tor Books                            ,Mass Market Paperback ,814             ,1990           ,1990                      ,          ,2020/12/26 ,                       ,                             ,read                   ,          ,        ,              ,1          ,                ,               ,0            ,                       ,                           ,          ,                      ,
5297     ,The Picture of Dorian Gray                                                               ,Oscar Wilde                 ,"Wilde, Oscar"                 ,Jeffrey Eugenides                                                        ,"="""""           ,"="""""              ,3         ,4.08           ,Random House: Modern Library         ,Paperback             ,272             ,2004           ,1890                      ,          ,2020/12/26 ,                       ,                             ,read                   ,          ,        ,              ,1          ,                ,               ,0            ,                       ,                           ,          ,                      ,
5907     ,"The Hobbit, or There and Back Again"                                                    ,J.R.R. Tolkien              ,"Tolkien, J.R.R."              ,                                                                         ,"=""0618260307""" ,"=""9780618260300""" ,5         ,4.28           ,Houghton Mifflin                     ,Paperback             ,366             ,2002           ,1937                      ,          ,2020/12/26 ,                       ,                             ,read                   ,          ,        ,              ,1          ,                ,               ,0            ,                       ,                           ,          ,                      ,
3        ,"Harry Potter and the Sorcerer's Stone (Harry Potter, #1)"                               ,J.K. Rowling                ,"Rowling, J.K."                ,Mary GrandPré                                                            ,"="""""           ,"="""""              ,4         ,4.47           ,Scholastic Inc                       ,Hardcover             ,309             ,2003           ,1997                      ,          ,2020/12/26 ,                       ,                             ,read                   ,          ,        ,              ,1          ,                ,               ,0            ,                       ,                           ,          ,                      ,
18135    ,Romeo and Juliet                                                                         ,William Shakespeare         ,"Shakespeare, William"         ,"Paavo Emil Cajander, Barbara A. Mowat, Paul Werstine"                   ,"=""0743477111""" ,"=""9780743477116""" ,4         ,3.75           ,Simon Schuster                       ,Paperback             ,301             ,2004           ,1595                      ,          ,2020/12/26 ,                       ,                             ,read                   ,          ,        ,              ,1          ,                ,               ,0            ,                       ,                           ,          ,                      ,
1953     ,A Tale of Two Cities                                                                     ,Charles Dickens             ,"Dickens, Charles"             ,Richard Maxwell                                                          ,"=""0141439602""" ,"=""9780141439600""" ,4         ,3.85           ,Penguin Books                        ,Paperback             ,489             ,2003           ,1859                      ,          ,2020/12/26 ,                       ,                             ,read                   ,          ,        ,              ,1          ,                ,               ,0            ,                       ,                           ,          ,                      ,
